matrix,n,graph_nnz,method,sample,wall_ms,cpu_ms,exact_nnz_l,levels,leaves,largest_leaf,oversized_leaves,peak_batch
Boeing/bcsstk36,23052,1120088,bfs,0,350.251541,5.624884,4482607,11,182,128,0,31
Boeing/bcsstk36,23052,1120088,bfs,1,351.253577,5.515240,4482607,11,182,128,0,31
Boeing/bcsstk36,23052,1120088,bfs,2,350.431513,5.573396,4482607,11,182,128,0,31
Boeing/bcsstk36,23052,1120088,cudss_nd,0,50.604356,43.955546,2568284,10,0,0,0,0
Boeing/bcsstk36,23052,1120088,cudss_nd,1,52.316533,45.456909,2568284,10,0,0,0,0
Boeing/bcsstk36,23052,1120088,cudss_nd,2,52.113368,45.332234,2568284,10,0,0,0,0
Boeing/pwtk,217918,11416506,bfs,0,3243.271040,11.064638,58253213,16,1778,128,0,550
Boeing/pwtk,217918,11416506,bfs,1,3268.104326,11.475747,58253213,16,1778,128,0,550
Boeing/pwtk,217918,11416506,bfs,2,3290.795123,10.949067,58253213,16,1778,128,0,550
Boeing/pwtk,217918,11416506,cudss_nd,0,458.702543,382.394131,47114605,10,0,0,0,0
Boeing/pwtk,217918,11416506,cudss_nd,1,450.848779,377.328752,47114605,10,0,0,0,0
Boeing/pwtk,217918,11416506,cudss_nd,2,452.169813,381.349172,47114605,10,0,0,0,0
GHS_psdef/apache1,80800,461384,bfs,0,317.581656,6.504819,11120296,16,714,128,0,90
GHS_psdef/apache1,80800,461384,bfs,1,315.701428,6.951123,11120296,16,714,128,0,90
GHS_psdef/apache1,80800,461384,bfs,2,317.220419,6.712811,11120296,16,714,128,0,90
GHS_psdef/apache1,80800,461384,cudss_nd,0,652.022323,645.304681,10032800,10,0,0,0,0
GHS_psdef/apache1,80800,461384,cudss_nd,1,649.828579,632.636286,10032800,10,0,0,0,0
GHS_psdef/apache1,80800,461384,cudss_nd,2,644.286094,627.665028,10032800,10,0,0,0,0
GHS_psdef/apache2,715176,4102694,bfs,0,4810.383280,17.057263,144059439,22,7809,128,0,603
GHS_psdef/apache2,715176,4102694,bfs,1,4837.554191,16.938551,144059439,22,7809,128,0,603
GHS_psdef/apache2,715176,4102694,bfs,2,4872.492561,16.525263,144059439,22,7809,128,0,603
GHS_psdef/apache2,715176,4102694,cudss_nd,0,7184.869159,7128.211509,131737455,10,0,0,0,0
GHS_psdef/apache2,715176,4102694,cudss_nd,1,7118.042304,7060.718049,131737455,10,0,0,0,0
GHS_psdef/apache2,715176,4102694,cudss_nd,2,7126.451480,7069.423139,131737455,10,0,0,0,0
GHS_psdef/crankseg_2,63838,14085020,bfs,0,8061.431811,11.352348,80349459,12,269,409,19,53
GHS_psdef/crankseg_2,63838,14085020,bfs,1,8270.141317,12.151038,80349459,12,269,409,19,53
GHS_psdef/crankseg_2,63838,14085020,bfs,2,8383.922001,12.052659,80349459,12,269,409,19,53
GHS_psdef/crankseg_2,63838,14085020,cudss_nd,0,442.042440,370.604132,40968637,10,0,0,0,0
GHS_psdef/crankseg_2,63838,14085020,cudss_nd,1,437.292378,365.913587,40968637,10,0,0,0,0
GHS_psdef/crankseg_2,63838,14085020,cudss_nd,2,428.678270,358.951861,40968637,10,0,0,0,0
GHS_psdef/hood,220542,10547894,bfs,0,3812.089852,12.232957,59727743,17,2095,128,0,342
GHS_psdef/hood,220542,10547894,bfs,1,3827.834982,12.266330,59727743,17,2095,128,0,342
GHS_psdef/hood,220542,10547894,bfs,2,3854.206362,12.357755,59727743,17,2095,128,0,342
GHS_psdef/hood,220542,10547894,cudss_nd,0,377.127412,308.375465,26217961,10,0,0,0,0
GHS_psdef/hood,220542,10547894,cudss_nd,1,371.567113,302.902600,26217961,10,0,0,0,0
GHS_psdef/hood,220542,10547894,cudss_nd,2,370.035807,301.351185,26217961,10,0,0,0,0
HB/bcsstk17,10974,417676,bfs,0,149.189866,3.702850,1303959,10,97,126,0,24
HB/bcsstk17,10974,417676,bfs,1,126.177260,3.906037,1303959,10,97,126,0,24
HB/bcsstk17,10974,417676,bfs,2,127.563984,3.571479,1303959,10,97,126,0,24
HB/bcsstk17,10974,417676,cudss_nd,0,60.874146,56.463789,1032463,10,0,0,0,0
HB/bcsstk17,10974,417676,cudss_nd,1,58.397264,54.060399,1032463,10,0,0,0,0
HB/bcsstk17,10974,417676,cudss_nd,2,55.578061,51.150858,1032463,10,0,0,0,0
Rothberg/cfd1,70656,1757708,bfs,0,623.872056,6.716060,35992255,13,490,128,0,124
Rothberg/cfd1,70656,1757708,bfs,1,621.075065,6.802000,35992255,13,490,128,0,124
Rothberg/cfd1,70656,1757708,bfs,2,625.200684,6.746194,35992255,13,490,128,0,124
Rothberg/cfd1,70656,1757708,cudss_nd,0,1041.171281,1018.846564,19218744,10,0,0,0,0
Rothberg/cfd1,70656,1757708,cudss_nd,1,1040.844660,1019.032348,19218744,10,0,0,0,0
Rothberg/cfd1,70656,1757708,cudss_nd,2,1036.858815,1015.187349,19218744,10,0,0,0,0
Schmid/thermal1,82654,491804,bfs,0,396.408372,5.184563,3340735,14,956,128,0,416
Schmid/thermal1,82654,491804,bfs,1,394.466101,5.455744,3340735,14,956,128,0,416
Schmid/thermal1,82654,491804,bfs,2,396.992195,5.262118,3340735,14,956,128,0,416
Schmid/thermal1,82654,491804,cudss_nd,0,541.669901,534.839024,2424592,10,0,0,0,0
Schmid/thermal1,82654,491804,cudss_nd,1,544.466485,529.095625,2424592,10,0,0,0,0
Schmid/thermal1,82654,491804,cudss_nd,2,570.485624,553.426560,2424592,10,0,0,0,0
Williams/cant,62451,3944932,bfs,0,1161.620749,5.904754,23838799,12,362,144,10,104
Williams/cant,62451,3944932,bfs,1,1160.125036,5.829041,23838799,12,362,144,10,104
Williams/cant,62451,3944932,bfs,2,1169.579113,5.540624,23838799,12,362,144,10,104
Williams/cant,62451,3944932,cudss_nd,0,1358.023461,1328.212582,18379023,10,0,0,0,0
Williams/cant,62451,3944932,cudss_nd,1,1372.602521,1342.696426,18379023,10,0,0,0,0
Williams/cant,62451,3944932,cudss_nd,2,1355.677289,1325.851973,18379023,10,0,0,0,0
grid32^3,32768,190464,bfs,0,111.181665,5.312933,5464168,14,365,117,0,41
grid32^3,32768,190464,bfs,1,96.733092,5.316523,5464168,14,365,117,0,41
grid32^3,32768,190464,bfs,2,96.936477,5.216747,5464168,14,365,117,0,41
grid32^3,32768,190464,cudss_nd,0,270.904844,265.364965,5303174,10,0,0,0,0
grid32^3,32768,190464,cudss_nd,1,259.217275,253.719762,5303174,10,0,0,0,0
grid32^3,32768,190464,cudss_nd,2,253.021486,247.496634,5303174,10,0,0,0,0
grid64^3,262144,1548288,bfs,0,1327.821307,12.249551,105404552,21,3154,128,0,241
grid64^3,262144,1548288,bfs,1,1326.867990,11.344422,105404552,21,3154,128,0,241
grid64^3,262144,1548288,bfs,2,1329.085163,11.067763,105404552,21,3154,128,0,241
grid64^3,262144,1548288,cudss_nd,0,2545.225095,2516.349098,106823635,10,0,0,0,0
grid64^3,262144,1548288,cudss_nd,1,2530.741942,2502.171343,106823635,10,0,0,0,0
grid64^3,262144,1548288,cudss_nd,2,2534.539076,2505.663882,106823635,10,0,0,0,0
